{
    "positive": {
      "good": 2,
      "great": 3,
      "excellent": 3,
      "amazing": 3,
      "awesome": 3,
      "fantastic": 3,
      "love": 3,
      "liked": 2,
      "like": 2,
      "nice": 2,
      "beautiful": 3,
      "clean": 2,
      "satisfactory": 1,
      "satisfied": 2,
      "positive": 2,
      "happy": 2,
      "pleasant": 2,
      "wonderful": 3,
      "perfect": 3,
      "best": 3,
      "cool": 2,
      "affordable": 2,
      "helpful": 2,
      "smooth": 2,
      "value": 2,
      "recommend": 3,
      "reliable": 2,
      "easy": 2,
      "fast": 2,
      "quick": 2,
      "efficient": 2,
      "professional": 2,
      "durable": 2,
      "effective": 2,
      "secure": 2,
      "flexible": 2,
      "supportive": 2,
      "responsive": 2,
      "friendly": 2,
      "innovative": 2,
      "useful": 2
    },
    "negative": {
      "bad": -2,
      "poor": -2,
      "terrible": -3,
      "worst": -3,
      "disappointed": -2,
      "disappointing": -2,
      "horrible": -3,
      "awful": -3,
      "boring": -2,
      "waste": -3,
      "hate": -3,
      "expensive": -2,
      "slow": -2,
      "buggy": -2,
      "problem": -2,
      "issue": -2,
      "negative": -2,
      "unhappy": -2,
      "unpleasant": -2,
      "not working": -3,
      "broken": -3,
      "dirty": -2,
      "crash": -2,
      "lag": -2,
      "unresponsive": -2,
      "incomplete": -2,
      "fake": -3,
      "noisy": -2,
      "low": -2,
      "hard": -2,
      "confusing": -2,
      "difficult": -2,
      "badly": -2,
      "annoying": -2,
      "overpriced": -2,
      "cheap": -1,
      "damaged": -3,
      "delay": -2,
      "late": -2,
      "missing": -2,
      "error": -2,
      "inconvenient": -2,
      "frustrating": -3,
      "useless": -3,
      "not satisfied": -3,
      "not helpful": -3,
      "rude": -3,
      "scam": -3
    }
  }
  